text,label,weight,origin
"runnerexception: typeerror: data must be str, not tuple",RETURNS_NOT_PRINT,1.5,ieps
"runnerexception: typeerror: data must be str, not tuple",RETURNS_NOT_PRINT,1.5,ieps
"runnerexception: typeerror: data must be str, not tuple",RETURNS_NOT_PRINT,1.5,ieps
"runnerexception: typeerror: data must be str, not tuple",RETURNS_NOT_PRINT,1.5,ieps
"runnerexception: typeerror: data must be str, not tuple",RETURNS_NOT_PRINT,1.5,ieps
"runnerexception: typeerror: data must be str, not tuple",RETURNS_NOT_PRINT,1.5,ieps
"runnerexception: typeerror: data must be str, not tuple",RETURNS_NOT_PRINT,1.5,ieps
"runnerexception: typeerror: data must be str, not tuple",RETURNS_NOT_PRINT,1.5,ieps
"runnerexception: typeerror: data must be str, not tuple",RETURNS_NOT_PRINT,1.5,ieps
"runnerexception: typeerror: data must be str, not tuple",RETURNS_NOT_PRINT,1.5,ieps
"runnerexception: typeerror: data must be str, not tuple",RETURNS_NOT_PRINT,1.5,ieps
"runnerexception: typeerror: data must be str, not tuple",RETURNS_NOT_PRINT,1.5,ieps
"runnerexception: typeerror: data must be str, not tuple",RETURNS_NOT_PRINT,1.5,ieps
"runnerexception: typeerror: data must be str, not tuple",RETURNS_NOT_PRINT,1.5,ieps
"runnerexception: typeerror: data must be str, not tuple",RETURNS_NOT_PRINT,1.5,ieps
"runnerexception: typeerror: data must be str, not tuple",RETURNS_NOT_PRINT,1.5,ieps
"runnerexception: typeerror: data must be str, not tuple",RETURNS_NOT_PRINT,1.5,ieps
"runnerexception: typeerror: data must be str, not tuple",RETURNS_NOT_PRINT,1.5,ieps
"runnerexception: typeerror: data must be str, not tuple",RETURNS_NOT_PRINT,1.5,ieps
"runnerexception: typeerror: data must be str, not tuple",RETURNS_NOT_PRINT,1.5,ieps
"runnerexception: typeerror: data must be str, not tuple",RETURNS_NOT_PRINT,1.5,ieps
"runnerexception: typeerror: data must be str, not tuple",RETURNS_NOT_PRINT,1.5,ieps
"runnerexception: typeerror: data must be str, not tuple",RETURNS_NOT_PRINT,1.5,ieps
"runnerexception: typeerror: data must be str, not tuple",RETURNS_NOT_PRINT,1.5,ieps
"runnerexception: typeerror: data must be str, not tuple",RETURNS_NOT_PRINT,1.5,ieps
"runnerexception: typeerror: data must be str, not tuple",RETURNS_NOT_PRINT,1.5,ieps
"runnerexception: typeerror: data must be str, not tuple",RETURNS_NOT_PRINT,1.5,ieps
"runnerexception: typeerror: data must be str, not tuple",RETURNS_NOT_PRINT,1.5,ieps
"runnerexception: typeerror: data must be str, not tuple",RETURNS_NOT_PRINT,1.5,ieps
"runnerexception: typeerror: data must be str, not tuple",RETURNS_NOT_PRINT,1.5,ieps
"runnerexception: typeerror: data must be str, not tuple",RETURNS_NOT_PRINT,1.5,ieps
"runnerexception: typeerror: data must be str, not tuple",RETURNS_NOT_PRINT,1.5,ieps
"runnerexception: typeerror: data must be str, not tuple",RETURNS_NOT_PRINT,1.5,ieps
"runnerexception: typeerror: data must be str, not tuple",RETURNS_NOT_PRINT,1.5,ieps
"runnerexception: typeerror: data must be str, not tuple",RETURNS_NOT_PRINT,1.5,ieps
"runnerexception: typeerror: data must be str, not tuple",RETURNS_NOT_PRINT,1.5,ieps
"runnerexception: typeerror: data must be str, not tuple",RETURNS_NOT_PRINT,1.5,ieps
"runnerexception: typeerror: data must be str, not tuple",RETURNS_NOT_PRINT,1.5,ieps
"runnerexception: typeerror: data must be str, not tuple",RETURNS_NOT_PRINT,1.5,ieps
"runnerexception: typeerror: data must be str, not tuple",RETURNS_NOT_PRINT,1.5,ieps
"runnerexception: typeerror: data must be str, not tuple",RETURNS_NOT_PRINT,1.5,ieps
"runnerexception: typeerror: data must be str, not tuple",RETURNS_NOT_PRINT,1.5,ieps
"runnerexception: typeerror: data must be str, not tuple",RETURNS_NOT_PRINT,1.5,ieps
"runnerexception: typeerror: data must be str, not tuple",RETURNS_NOT_PRINT,1.5,ieps
"runnerexception: typeerror: data must be str, not tuple",RETURNS_NOT_PRINT,1.5,ieps
"runnerexception: typeerror: data must be str, not tuple",RETURNS_NOT_PRINT,1.5,ieps
"runnerexception: typeerror: data must be str, not tuple",RETURNS_NOT_PRINT,1.5,ieps
"runnerexception: typeerror: data must be str, not tuple",RETURNS_NOT_PRINT,1.5,ieps
"runnerexception: typeerror: data must be str, not tuple",RETURNS_NOT_PRINT,1.5,ieps
"runnerexception: typeerror: data must be str, not tuple",RETURNS_NOT_PRINT,1.5,ieps
"runnerexception: typeerror: data must be str, not tuple",RETURNS_NOT_PRINT,1.5,ieps
"runnerexception: typeerror: data must be str, not tuple",RETURNS_NOT_PRINT,1.5,ieps
"runnerexception: typeerror: data must be str, not tuple",RETURNS_NOT_PRINT,1.5,ieps
"runnerexception: typeerror: data must be str, not tuple",RETURNS_NOT_PRINT,1.5,ieps
"runnerexception: typeerror: data must be str, not tuple",RETURNS_NOT_PRINT,1.5,ieps
"runnerexception: typeerror: data must be str, not tuple",RETURNS_NOT_PRINT,1.5,ieps
"runnerexception: typeerror: data must be str, not tuple",RETURNS_NOT_PRINT,1.5,ieps
"runnerexception: typeerror: data must be str, not tuple",RETURNS_NOT_PRINT,1.5,ieps
"runnerexception: typeerror: data must be str, not tuple",RETURNS_NOT_PRINT,1.5,ieps
"runnerexception: typeerror: data must be str, not tuple",RETURNS_NOT_PRINT,1.5,ieps
"runnerexception: typeerror: data must be str, not tuple",RETURNS_NOT_PRINT,1.5,ieps
"runnerexception: typeerror: data must be str, not tuple",RETURNS_NOT_PRINT,1.5,ieps
"runnerexception: typeerror: data must be str, not tuple",RETURNS_NOT_PRINT,1.5,ieps
"runnerexception: typeerror: data must be str, not tuple",RETURNS_NOT_PRINT,1.5,ieps
"runnerexception: typeerror: data must be str, not tuple",RETURNS_NOT_PRINT,1.5,ieps
"runnerexception: typeerror: data must be str, not tuple",RETURNS_NOT_PRINT,1.5,ieps
"runnerexception: typeerror: data must be str, not tuple",RETURNS_NOT_PRINT,1.5,ieps
"runnerexception: typeerror: data must be str, not tuple",RETURNS_NOT_PRINT,1.5,ieps
"runnerexception: typeerror: data must be str, not tuple",RETURNS_NOT_PRINT,1.5,ieps
"runnerexception: typeerror: data must be str, not tuple",RETURNS_NOT_PRINT,1.5,ieps
"runnerexception: typeerror: data must be str, not tuple",RETURNS_NOT_PRINT,1.5,ieps
"runnerexception: typeerror: data must be str, not tuple",RETURNS_NOT_PRINT,1.5,ieps
"runnerexception: typeerror: data must be str, not tuple",RETURNS_NOT_PRINT,1.5,ieps
"runnerexception: typeerror: data must be str, not tuple",RETURNS_NOT_PRINT,1.5,ieps
"runnerexception: typeerror: data must be str, not tuple",RETURNS_NOT_PRINT,1.5,ieps
"runnerexception: typeerror: data must be str, not tuple",EDGE_CASES,1.5,ieps
"runnerexception: typeerror: data must be str, not tuple",EDGE_CASES,1.5,ieps
"runnerexception: typeerror: data must be str, not tuple",EDGE_CASES,1.5,ieps
"runnerexception: typeerror: data must be str, not tuple",EDGE_CASES,1.5,ieps
"runnerexception: typeerror: data must be str, not tuple",EDGE_CASES,1.5,ieps
"runnerexception: typeerror: data must be str, not tuple",EDGE_CASES,1.5,ieps
"runnerexception: typeerror: data must be str, not tuple",EDGE_CASES,1.5,ieps
"runnerexception: typeerror: data must be str, not tuple",EDGE_CASES,1.5,ieps
"runnerexception: typeerror: data must be str, not tuple",EDGE_CASES,1.5,ieps
"runnerexception: typeerror: data must be str, not tuple",EDGE_CASES,1.5,ieps
"runnerexception: typeerror: data must be str, not tuple",EDGE_CASES,1.5,ieps
"runnerexception: typeerror: data must be str, not tuple",EDGE_CASES,1.5,ieps
"runnerexception: typeerror: data must be str, not tuple",EDGE_CASES,1.5,ieps
"runnerexception: typeerror: data must be str, not tuple",EDGE_CASES,1.5,ieps
"runnerexception: typeerror: data must be str, not tuple",EDGE_CASES,1.5,ieps
"runnerexception: typeerror: data must be str, not tuple",EDGE_CASES,1.5,ieps
"runnerexception: typeerror: data must be str, not tuple",EDGE_CASES,1.5,ieps
"runnerexception: typeerror: data must be str, not tuple",EDGE_CASES,1.5,ieps
"runnerexception: typeerror: data must be str, not tuple",EDGE_CASES,1.5,ieps
"runnerexception: typeerror: data must be str, not tuple",EDGE_CASES,1.5,ieps
"runnerexception: typeerror: data must be str, not tuple",EDGE_CASES,1.5,ieps
"runnerexception: typeerror: data must be str, not tuple",EDGE_CASES,1.5,ieps
"runnerexception: typeerror: data must be str, not tuple",EDGE_CASES,1.5,ieps
"runnerexception: typeerror: data must be str, not tuple",EDGE_CASES,1.5,ieps
"runnerexception: typeerror: data must be str, not tuple",EDGE_CASES,1.5,ieps
"runnerexception: typeerror: data must be str, not tuple",EDGE_CASES,1.5,ieps
"runnerexception: typeerror: data must be str, not tuple",EDGE_CASES,1.5,ieps
"runnerexception: typeerror: data must be str, not tuple",EDGE_CASES,1.5,ieps
"runnerexception: typeerror: data must be str, not tuple",EDGE_CASES,1.5,ieps
"runnerexception: typeerror: data must be str, not tuple",EDGE_CASES,1.5,ieps
"runnerexception: typeerror: data must be str, not tuple",EDGE_CASES,1.5,ieps
"runnerexception: typeerror: data must be str, not tuple",EDGE_CASES,1.5,ieps
"runnerexception: typeerror: data must be str, not tuple",EDGE_CASES,1.5,ieps
"runnerexception: typeerror: data must be str, not tuple",EDGE_CASES,1.5,ieps
"runnerexception: typeerror: data must be str, not tuple",EDGE_CASES,1.5,ieps
"runnerexception: typeerror: data must be str, not tuple",EDGE_CASES,1.5,ieps
"runnerexception: typeerror: data must be str, not tuple",EDGE_CASES,1.5,ieps
"runnerexception: typeerror: data must be str, not tuple",EDGE_CASES,1.5,ieps
"runnerexception: typeerror: data must be str, not tuple",EDGE_CASES,1.5,ieps
"runnerexception: typeerror: data must be str, not tuple",EDGE_CASES,1.5,ieps
"runnerexception: typeerror: data must be str, not tuple",EDGE_CASES,1.5,ieps
"runnerexception: typeerror: data must be str, not tuple",EDGE_CASES,1.5,ieps
"runnerexception: typeerror: data must be str, not tuple",EDGE_CASES,1.5,ieps
"runnerexception: typeerror: data must be str, not tuple",EDGE_CASES,1.5,ieps
"runnerexception: typeerror: data must be str, not tuple",EDGE_CASES,1.5,ieps
"runnerexception: typeerror: data must be str, not tuple",EDGE_CASES,1.5,ieps
"runnerexception: typeerror: data must be str, not tuple",EDGE_CASES,1.5,ieps
"runnerexception: typeerror: data must be str, not tuple",EDGE_CASES,1.5,ieps
"runnerexception: typeerror: data must be str, not tuple",EDGE_CASES,1.5,ieps
"runnerexception: typeerror: data must be str, not tuple",EDGE_CASES,1.5,ieps
"runnerexception: typeerror: data must be str, not tuple",EDGE_CASES,1.5,ieps
"runnerexception: typeerror: data must be str, not tuple",EDGE_CASES,1.5,ieps
"runnerexception: typeerror: data must be str, not tuple",EDGE_CASES,1.5,ieps
"runnerexception: typeerror: data must be str, not tuple",EDGE_CASES,1.5,ieps
"runnerexception: typeerror: data must be str, not tuple",EDGE_CASES,1.5,ieps
"runnerexception: typeerror: data must be str, not tuple",EDGE_CASES,1.5,ieps
"runnerexception: typeerror: data must be str, not tuple",EDGE_CASES,1.5,ieps
"runnerexception: typeerror: data must be str, not tuple",EDGE_CASES,1.5,ieps
"runnerexception: typeerror: data must be str, not tuple",EDGE_CASES,1.5,ieps
"runnerexception: typeerror: data must be str, not tuple",EDGE_CASES,1.5,ieps
"runnerexception: typeerror: data must be str, not tuple",EDGE_CASES,1.5,ieps
"runnerexception: typeerror: data must be str, not tuple",EDGE_CASES,1.5,ieps
"runnerexception: typeerror: data must be str, not tuple",EDGE_CASES,1.5,ieps
"runnerexception: typeerror: data must be str, not tuple",EDGE_CASES,1.5,ieps
"runnerexception: typeerror: data must be str, not tuple",EDGE_CASES,1.5,ieps
"runnerexception: typeerror: data must be str, not tuple",EDGE_CASES,1.5,ieps
"runnerexception: typeerror: data must be str, not tuple",EDGE_CASES,1.5,ieps
"runnerexception: typeerror: data must be str, not tuple",EDGE_CASES,1.5,ieps
"runnerexception: typeerror: data must be str, not tuple",EDGE_CASES,1.5,ieps
"runnerexception: typeerror: data must be str, not tuple",EDGE_CASES,1.5,ieps
"runnerexception: typeerror: data must be str, not tuple",EDGE_CASES,1.5,ieps
"runnerexception: typeerror: data must be str, not tuple",EDGE_CASES,1.5,ieps
"runnerexception: typeerror: data must be str, not tuple",EDGE_CASES,1.5,ieps
"runnerexception: typeerror: data must be str, not tuple",EDGE_CASES,1.5,ieps
"runnerexception: typeerror: data must be str, not tuple",EDGE_CASES,1.5,ieps
"runnerexception: typeerror: data must be str, not tuple",LOGIC_RANGE,1.5,ieps
"runnerexception: typeerror: data must be str, not tuple",LOGIC_RANGE,1.5,ieps
"runnerexception: typeerror: data must be str, not tuple",LOGIC_RANGE,1.5,ieps
"runnerexception: typeerror: data must be str, not tuple",LOGIC_RANGE,1.5,ieps
"runnerexception: typeerror: data must be str, not tuple",LOGIC_RANGE,1.5,ieps
"runnerexception: typeerror: data must be str, not tuple",LOGIC_RANGE,1.5,ieps
"runnerexception: typeerror: data must be str, not tuple",LOGIC_RANGE,1.5,ieps
"runnerexception: typeerror: data must be str, not tuple",LOGIC_RANGE,1.5,ieps
"runnerexception: typeerror: data must be str, not tuple",LOGIC_RANGE,1.5,ieps
"runnerexception: typeerror: data must be str, not tuple",LOGIC_RANGE,1.5,ieps
"runnerexception: typeerror: data must be str, not tuple",LOGIC_RANGE,1.5,ieps
"runnerexception: typeerror: data must be str, not tuple",LOGIC_RANGE,1.5,ieps
"runnerexception: typeerror: data must be str, not tuple",LOGIC_RANGE,1.5,ieps
"runnerexception: typeerror: data must be str, not tuple",LOGIC_RANGE,1.5,ieps
"runnerexception: typeerror: data must be str, not tuple",LOGIC_RANGE,1.5,ieps
"runnerexception: typeerror: data must be str, not tuple",LOGIC_RANGE,1.5,ieps
"runnerexception: typeerror: data must be str, not tuple",LOGIC_RANGE,1.5,ieps
"runnerexception: typeerror: data must be str, not tuple",LOGIC_RANGE,1.5,ieps
"runnerexception: typeerror: data must be str, not tuple",LOGIC_RANGE,1.5,ieps
"runnerexception: typeerror: data must be str, not tuple",LOGIC_RANGE,1.5,ieps
"runnerexception: typeerror: data must be str, not tuple",LOGIC_RANGE,1.5,ieps
"runnerexception: typeerror: data must be str, not tuple",LOGIC_RANGE,1.5,ieps
"runnerexception: typeerror: data must be str, not tuple",LOGIC_RANGE,1.5,ieps
"runnerexception: typeerror: data must be str, not tuple",LOGIC_RANGE,1.5,ieps
"runnerexception: typeerror: data must be str, not tuple",LOGIC_RANGE,1.5,ieps
"runnerexception: typeerror: data must be str, not tuple",LOGIC_RANGE,1.5,ieps
"runnerexception: typeerror: data must be str, not tuple",LOGIC_RANGE,1.5,ieps
"runnerexception: typeerror: data must be str, not tuple",LOGIC_RANGE,1.5,ieps
"runnerexception: typeerror: data must be str, not tuple",LOGIC_RANGE,1.5,ieps
"runnerexception: typeerror: data must be str, not tuple",LOGIC_RANGE,1.5,ieps
"runnerexception: typeerror: data must be str, not tuple",LOGIC_RANGE,1.5,ieps
"runnerexception: typeerror: data must be str, not tuple",LOGIC_RANGE,1.5,ieps
"runnerexception: typeerror: data must be str, not tuple",LOGIC_RANGE,1.5,ieps
"runnerexception: typeerror: data must be str, not tuple",LOGIC_RANGE,1.5,ieps
"runnerexception: typeerror: data must be str, not tuple",LOGIC_RANGE,1.5,ieps
"runnerexception: typeerror: data must be str, not tuple",LOGIC_RANGE,1.5,ieps
"runnerexception: typeerror: data must be str, not tuple",LOGIC_RANGE,1.5,ieps
"runnerexception: typeerror: data must be str, not tuple",LOGIC_RANGE,1.5,ieps
"runnerexception: typeerror: data must be str, not tuple",LOGIC_RANGE,1.5,ieps
"runnerexception: typeerror: data must be str, not tuple",LOGIC_RANGE,1.5,ieps
"runnerexception: typeerror: data must be str, not tuple",LOGIC_RANGE,1.5,ieps
"runnerexception: typeerror: data must be str, not tuple",LOGIC_RANGE,1.5,ieps
"runnerexception: typeerror: data must be str, not tuple",LOGIC_RANGE,1.5,ieps
"runnerexception: typeerror: data must be str, not tuple",LOGIC_RANGE,1.5,ieps
"runnerexception: typeerror: data must be str, not tuple",LOGIC_RANGE,1.5,ieps
"runnerexception: typeerror: data must be str, not tuple",LOGIC_RANGE,1.5,ieps
"runnerexception: typeerror: data must be str, not tuple",LOGIC_RANGE,1.5,ieps
"runnerexception: typeerror: data must be str, not tuple",LOGIC_RANGE,1.5,ieps
"runnerexception: typeerror: data must be str, not tuple",LOGIC_RANGE,1.5,ieps
"runnerexception: typeerror: data must be str, not tuple",LOGIC_RANGE,1.5,ieps
"runnerexception: typeerror: data must be str, not tuple",LOGIC_RANGE,1.5,ieps
"runnerexception: typeerror: data must be str, not tuple",LOGIC_RANGE,1.5,ieps
"runnerexception: typeerror: data must be str, not tuple",LOGIC_RANGE,1.5,ieps
"runnerexception: typeerror: data must be str, not tuple",LOGIC_RANGE,1.5,ieps
"runnerexception: typeerror: data must be str, not tuple",LOGIC_RANGE,1.5,ieps
"runnerexception: typeerror: data must be str, not tuple",LOGIC_RANGE,1.5,ieps
"runnerexception: typeerror: data must be str, not tuple",LOGIC_RANGE,1.5,ieps
"runnerexception: typeerror: data must be str, not tuple",LOGIC_RANGE,1.5,ieps
"runnerexception: typeerror: data must be str, not tuple",LOGIC_RANGE,1.5,ieps
"runnerexception: typeerror: data must be str, not tuple",LOGIC_RANGE,1.5,ieps
"runnerexception: typeerror: data must be str, not tuple",LOGIC_RANGE,1.5,ieps
"runnerexception: typeerror: data must be str, not tuple",LOGIC_RANGE,1.5,ieps
"runnerexception: typeerror: data must be str, not tuple",LOGIC_RANGE,1.5,ieps
"runnerexception: typeerror: data must be str, not tuple",LOGIC_RANGE,1.5,ieps
"runnerexception: typeerror: data must be str, not tuple",LOGIC_RANGE,1.5,ieps
"runnerexception: typeerror: data must be str, not tuple",LOGIC_RANGE,1.5,ieps
"runnerexception: typeerror: data must be str, not tuple",LOGIC_RANGE,1.5,ieps
"runnerexception: typeerror: data must be str, not tuple",LOGIC_RANGE,1.5,ieps
"runnerexception: typeerror: data must be str, not tuple",LOGIC_RANGE,1.5,ieps
"runnerexception: typeerror: data must be str, not tuple",LOGIC_RANGE,1.5,ieps
"runnerexception: typeerror: data must be str, not tuple",LOGIC_RANGE,1.5,ieps
"runnerexception: typeerror: data must be str, not tuple",LOGIC_RANGE,1.5,ieps
"runnerexception: typeerror: data must be str, not tuple",LOGIC_RANGE,1.5,ieps
"runnerexception: typeerror: data must be str, not tuple",LOGIC_RANGE,1.5,ieps
"runnerexception: typeerror: data must be str, not tuple",LOGIC_RANGE,1.5,ieps
"runnerexception: typeerror: data must be str, not tuple",TYPE_CAST,1.5,ieps
"runnerexception: typeerror: data must be str, not tuple",TYPE_CAST,1.5,ieps
"runnerexception: typeerror: data must be str, not tuple",TYPE_CAST,1.5,ieps
"runnerexception: typeerror: data must be str, not tuple",TYPE_CAST,1.5,ieps
"runnerexception: typeerror: data must be str, not tuple",TYPE_CAST,1.5,ieps
"runnerexception: typeerror: data must be str, not tuple",TYPE_CAST,1.5,ieps
"runnerexception: typeerror: data must be str, not tuple",TYPE_CAST,1.5,ieps
"runnerexception: typeerror: data must be str, not tuple",TYPE_CAST,1.5,ieps
"runnerexception: typeerror: data must be str, not tuple",TYPE_CAST,1.5,ieps
"runnerexception: typeerror: data must be str, not tuple",TYPE_CAST,1.5,ieps
"runnerexception: typeerror: data must be str, not tuple",TYPE_CAST,1.5,ieps
"runnerexception: typeerror: data must be str, not tuple",TYPE_CAST,1.5,ieps
"runnerexception: typeerror: data must be str, not tuple",TYPE_CAST,1.5,ieps
"runnerexception: typeerror: data must be str, not tuple",TYPE_CAST,1.5,ieps
"runnerexception: typeerror: data must be str, not tuple",TYPE_CAST,1.5,ieps
"runnerexception: typeerror: data must be str, not tuple",TYPE_CAST,1.5,ieps
"runnerexception: typeerror: data must be str, not tuple",TYPE_CAST,1.5,ieps
"runnerexception: typeerror: data must be str, not tuple",TYPE_CAST,1.5,ieps
"runnerexception: typeerror: data must be str, not tuple",TYPE_CAST,1.5,ieps
"runnerexception: typeerror: data must be str, not tuple",TYPE_CAST,1.5,ieps
"runnerexception: typeerror: data must be str, not tuple",TYPE_CAST,1.5,ieps
"runnerexception: typeerror: data must be str, not tuple",TYPE_CAST,1.5,ieps
"runnerexception: typeerror: data must be str, not tuple",TYPE_CAST,1.5,ieps
"runnerexception: typeerror: data must be str, not tuple",TYPE_CAST,1.5,ieps
"runnerexception: typeerror: data must be str, not tuple",TYPE_CAST,1.5,ieps
"runnerexception: typeerror: data must be str, not tuple",TYPE_CAST,1.5,ieps
"runnerexception: typeerror: data must be str, not tuple",TYPE_CAST,1.5,ieps
"runnerexception: typeerror: data must be str, not tuple",TYPE_CAST,1.5,ieps
"runnerexception: typeerror: data must be str, not tuple",TYPE_CAST,1.5,ieps
"runnerexception: typeerror: data must be str, not tuple",TYPE_CAST,1.5,ieps
"runnerexception: typeerror: data must be str, not tuple",TYPE_CAST,1.5,ieps
"runnerexception: typeerror: data must be str, not tuple",TYPE_CAST,1.5,ieps
"runnerexception: typeerror: data must be str, not tuple",TYPE_CAST,1.5,ieps
"runnerexception: typeerror: data must be str, not tuple",TYPE_CAST,1.5,ieps
"runnerexception: typeerror: data must be str, not tuple",TYPE_CAST,1.5,ieps
"runnerexception: typeerror: data must be str, not tuple",TYPE_CAST,1.5,ieps
"runnerexception: typeerror: data must be str, not tuple",TYPE_CAST,1.5,ieps
"runnerexception: typeerror: data must be str, not tuple",TYPE_CAST,1.5,ieps
"runnerexception: typeerror: data must be str, not tuple",TYPE_CAST,1.5,ieps
"runnerexception: typeerror: data must be str, not tuple",TYPE_CAST,1.5,ieps
"runnerexception: typeerror: data must be str, not tuple",TYPE_CAST,1.5,ieps
"runnerexception: typeerror: data must be str, not tuple",TYPE_CAST,1.5,ieps
"runnerexception: typeerror: data must be str, not tuple",TYPE_CAST,1.5,ieps
"runnerexception: typeerror: data must be str, not tuple",TYPE_CAST,1.5,ieps
"runnerexception: typeerror: data must be str, not tuple",TYPE_CAST,1.5,ieps
"runnerexception: typeerror: data must be str, not tuple",TYPE_CAST,1.5,ieps
"runnerexception: typeerror: data must be str, not tuple",TYPE_CAST,1.5,ieps
"runnerexception: typeerror: data must be str, not tuple",TYPE_CAST,1.5,ieps
"runnerexception: typeerror: data must be str, not tuple",TYPE_CAST,1.5,ieps
"runnerexception: typeerror: data must be str, not tuple",TYPE_CAST,1.5,ieps
"runnerexception: typeerror: data must be str, not tuple",TYPE_CAST,1.5,ieps
"runnerexception: typeerror: data must be str, not tuple",TYPE_CAST,1.5,ieps
"runnerexception: typeerror: data must be str, not tuple",TYPE_CAST,1.5,ieps
"runnerexception: typeerror: data must be str, not tuple",TYPE_CAST,1.5,ieps
"runnerexception: typeerror: data must be str, not tuple",TYPE_CAST,1.5,ieps
"runnerexception: typeerror: data must be str, not tuple",TYPE_CAST,1.5,ieps
"runnerexception: typeerror: data must be str, not tuple",TYPE_CAST,1.5,ieps
"runnerexception: typeerror: data must be str, not tuple",TYPE_CAST,1.5,ieps
"runnerexception: typeerror: data must be str, not tuple",TYPE_CAST,1.5,ieps
"runnerexception: typeerror: data must be str, not tuple",TYPE_CAST,1.5,ieps
"runnerexception: typeerror: data must be str, not tuple",TYPE_CAST,1.5,ieps
"runnerexception: typeerror: data must be str, not tuple",TYPE_CAST,1.5,ieps
"runnerexception: typeerror: data must be str, not tuple",TYPE_CAST,1.5,ieps
"runnerexception: typeerror: data must be str, not tuple",TYPE_CAST,1.5,ieps
"runnerexception: typeerror: data must be str, not tuple",TYPE_CAST,1.5,ieps
"runnerexception: typeerror: data must be str, not tuple",TYPE_CAST,1.5,ieps
"runnerexception: typeerror: data must be str, not tuple",TYPE_CAST,1.5,ieps
"runnerexception: typeerror: data must be str, not tuple",TYPE_CAST,1.5,ieps
"runnerexception: typeerror: data must be str, not tuple",TYPE_CAST,1.5,ieps
"runnerexception: typeerror: data must be str, not tuple",TYPE_CAST,1.5,ieps
"runnerexception: typeerror: data must be str, not tuple",TYPE_CAST,1.5,ieps
"runnerexception: typeerror: data must be str, not tuple",TYPE_CAST,1.5,ieps
"runnerexception: typeerror: data must be str, not tuple",TYPE_CAST,1.5,ieps
"runnerexception: typeerror: data must be str, not tuple",TYPE_CAST,1.5,ieps
"runnerexception: typeerror: data must be str, not tuple",TYPE_CAST,1.5,ieps
"runnerexception: typeerror: data must be str, not tuple",SIGNATURE,1.5,ieps
"runnerexception: typeerror: data must be str, not tuple",SIGNATURE,1.5,ieps
"runnerexception: typeerror: data must be str, not tuple",SIGNATURE,1.5,ieps
"runnerexception: typeerror: data must be str, not tuple",SIGNATURE,1.5,ieps
"runnerexception: typeerror: data must be str, not tuple",SIGNATURE,1.5,ieps
"runnerexception: typeerror: data must be str, not tuple",SIGNATURE,1.5,ieps
"runnerexception: typeerror: data must be str, not tuple",SIGNATURE,1.5,ieps
"runnerexception: typeerror: data must be str, not tuple",SIGNATURE,1.5,ieps
"runnerexception: typeerror: data must be str, not tuple",SIGNATURE,1.5,ieps
"runnerexception: typeerror: data must be str, not tuple",SIGNATURE,1.5,ieps
"runnerexception: typeerror: data must be str, not tuple",SIGNATURE,1.5,ieps
"runnerexception: typeerror: data must be str, not tuple",SIGNATURE,1.5,ieps
"runnerexception: typeerror: data must be str, not tuple",SIGNATURE,1.5,ieps
"runnerexception: typeerror: data must be str, not tuple",SIGNATURE,1.5,ieps
"runnerexception: typeerror: data must be str, not tuple",SIGNATURE,1.5,ieps
"runnerexception: typeerror: data must be str, not tuple",SIGNATURE,1.5,ieps
"runnerexception: typeerror: data must be str, not tuple",SIGNATURE,1.5,ieps
"runnerexception: typeerror: data must be str, not tuple",SIGNATURE,1.5,ieps
"runnerexception: typeerror: data must be str, not tuple",SIGNATURE,1.5,ieps
"runnerexception: typeerror: data must be str, not tuple",SIGNATURE,1.5,ieps
"runnerexception: typeerror: data must be str, not tuple",SIGNATURE,1.5,ieps
"runnerexception: typeerror: data must be str, not tuple",SIGNATURE,1.5,ieps
"runnerexception: typeerror: data must be str, not tuple",SIGNATURE,1.5,ieps
"runnerexception: typeerror: data must be str, not tuple",SIGNATURE,1.5,ieps
"runnerexception: typeerror: data must be str, not tuple",SIGNATURE,1.5,ieps
"runnerexception: typeerror: data must be str, not tuple",SIGNATURE,1.5,ieps
"runnerexception: typeerror: data must be str, not tuple",SIGNATURE,1.5,ieps
"runnerexception: typeerror: data must be str, not tuple",SIGNATURE,1.5,ieps
"runnerexception: typeerror: data must be str, not tuple",SIGNATURE,1.5,ieps
"runnerexception: typeerror: data must be str, not tuple",SIGNATURE,1.5,ieps
"runnerexception: typeerror: data must be str, not tuple",SIGNATURE,1.5,ieps
"runnerexception: typeerror: data must be str, not tuple",SIGNATURE,1.5,ieps
"runnerexception: typeerror: data must be str, not tuple",SIGNATURE,1.5,ieps
"runnerexception: typeerror: data must be str, not tuple",SIGNATURE,1.5,ieps
"runnerexception: typeerror: data must be str, not tuple",SIGNATURE,1.5,ieps
"runnerexception: typeerror: data must be str, not tuple",SIGNATURE,1.5,ieps
"runnerexception: typeerror: data must be str, not tuple",SIGNATURE,1.5,ieps
"runnerexception: typeerror: data must be str, not tuple",SIGNATURE,1.5,ieps
"runnerexception: typeerror: data must be str, not tuple",SIGNATURE,1.5,ieps
"runnerexception: typeerror: data must be str, not tuple",SIGNATURE,1.5,ieps
"runnerexception: typeerror: data must be str, not tuple",SIGNATURE,1.5,ieps
"runnerexception: typeerror: data must be str, not tuple",SIGNATURE,1.5,ieps
"runnerexception: typeerror: data must be str, not tuple",SIGNATURE,1.5,ieps
"runnerexception: typeerror: data must be str, not tuple",SIGNATURE,1.5,ieps
"runnerexception: typeerror: data must be str, not tuple",SIGNATURE,1.5,ieps
"runnerexception: typeerror: data must be str, not tuple",SIGNATURE,1.5,ieps
"runnerexception: typeerror: data must be str, not tuple",SIGNATURE,1.5,ieps
"runnerexception: typeerror: data must be str, not tuple",SIGNATURE,1.5,ieps
"runnerexception: typeerror: data must be str, not tuple",SIGNATURE,1.5,ieps
"runnerexception: typeerror: data must be str, not tuple",SIGNATURE,1.5,ieps
"runnerexception: typeerror: data must be str, not tuple",SIGNATURE,1.5,ieps
"runnerexception: typeerror: data must be str, not tuple",SIGNATURE,1.5,ieps
"runnerexception: typeerror: data must be str, not tuple",SIGNATURE,1.5,ieps
"runnerexception: typeerror: data must be str, not tuple",SIGNATURE,1.5,ieps
"runnerexception: typeerror: data must be str, not tuple",SIGNATURE,1.5,ieps
"runnerexception: typeerror: data must be str, not tuple",SIGNATURE,1.5,ieps
"runnerexception: typeerror: data must be str, not tuple",SIGNATURE,1.5,ieps
"runnerexception: typeerror: data must be str, not tuple",SIGNATURE,1.5,ieps
"runnerexception: typeerror: data must be str, not tuple",SIGNATURE,1.5,ieps
"runnerexception: typeerror: data must be str, not tuple",SIGNATURE,1.5,ieps
"runnerexception: typeerror: data must be str, not tuple",SIGNATURE,1.5,ieps
"runnerexception: typeerror: data must be str, not tuple",SIGNATURE,1.5,ieps
"runnerexception: typeerror: data must be str, not tuple",SIGNATURE,1.5,ieps
"runnerexception: typeerror: data must be str, not tuple",SIGNATURE,1.5,ieps
"runnerexception: typeerror: data must be str, not tuple",SIGNATURE,1.5,ieps
"runnerexception: typeerror: data must be str, not tuple",SIGNATURE,1.5,ieps
"runnerexception: typeerror: data must be str, not tuple",SIGNATURE,1.5,ieps
"runnerexception: typeerror: data must be str, not tuple",SIGNATURE,1.5,ieps
"runnerexception: typeerror: data must be str, not tuple",SIGNATURE,1.5,ieps
"runnerexception: typeerror: data must be str, not tuple",SIGNATURE,1.5,ieps
"runnerexception: typeerror: data must be str, not tuple",SIGNATURE,1.5,ieps
"runnerexception: typeerror: data must be str, not tuple",SIGNATURE,1.5,ieps
"runnerexception: typeerror: data must be str, not tuple",SIGNATURE,1.5,ieps
"runnerexception: typeerror: data must be str, not tuple",SIGNATURE,1.5,ieps
"runnerexception: typeerror: data must be str, not tuple",SIGNATURE,1.5,ieps
"runnerexception: typeerror: data must be str, not tuple",DOCSTRING,1.5,ieps
"runnerexception: typeerror: data must be str, not tuple",DOCSTRING,1.5,ieps
"runnerexception: typeerror: data must be str, not tuple",DOCSTRING,1.5,ieps
"runnerexception: typeerror: data must be str, not tuple",DOCSTRING,1.5,ieps
"runnerexception: typeerror: data must be str, not tuple",DOCSTRING,1.5,ieps
"runnerexception: typeerror: data must be str, not tuple",DOCSTRING,1.5,ieps
"runnerexception: typeerror: data must be str, not tuple",DOCSTRING,1.5,ieps
"runnerexception: typeerror: data must be str, not tuple",DOCSTRING,1.5,ieps
"runnerexception: typeerror: data must be str, not tuple",DOCSTRING,1.5,ieps
"runnerexception: typeerror: data must be str, not tuple",DOCSTRING,1.5,ieps
"runnerexception: typeerror: data must be str, not tuple",DOCSTRING,1.5,ieps
"runnerexception: typeerror: data must be str, not tuple",DOCSTRING,1.5,ieps
"runnerexception: typeerror: data must be str, not tuple",DOCSTRING,1.5,ieps
"runnerexception: typeerror: data must be str, not tuple",DOCSTRING,1.5,ieps
"runnerexception: typeerror: data must be str, not tuple",DOCSTRING,1.5,ieps
"runnerexception: typeerror: data must be str, not tuple",DOCSTRING,1.5,ieps
"runnerexception: typeerror: data must be str, not tuple",DOCSTRING,1.5,ieps
"runnerexception: typeerror: data must be str, not tuple",DOCSTRING,1.5,ieps
"runnerexception: typeerror: data must be str, not tuple",DOCSTRING,1.5,ieps
"runnerexception: typeerror: data must be str, not tuple",DOCSTRING,1.5,ieps
"runnerexception: typeerror: data must be str, not tuple",DOCSTRING,1.5,ieps
"runnerexception: typeerror: data must be str, not tuple",DOCSTRING,1.5,ieps
"runnerexception: typeerror: data must be str, not tuple",DOCSTRING,1.5,ieps
"runnerexception: typeerror: data must be str, not tuple",DOCSTRING,1.5,ieps
"runnerexception: typeerror: data must be str, not tuple",DOCSTRING,1.5,ieps
"runnerexception: typeerror: data must be str, not tuple",DOCSTRING,1.5,ieps
"runnerexception: typeerror: data must be str, not tuple",DOCSTRING,1.5,ieps
"runnerexception: typeerror: data must be str, not tuple",DOCSTRING,1.5,ieps
"runnerexception: typeerror: data must be str, not tuple",DOCSTRING,1.5,ieps
"runnerexception: typeerror: data must be str, not tuple",DOCSTRING,1.5,ieps
"runnerexception: typeerror: data must be str, not tuple",DOCSTRING,1.5,ieps
"runnerexception: typeerror: data must be str, not tuple",DOCSTRING,1.5,ieps
"runnerexception: typeerror: data must be str, not tuple",DOCSTRING,1.5,ieps
"runnerexception: typeerror: data must be str, not tuple",DOCSTRING,1.5,ieps
"runnerexception: typeerror: data must be str, not tuple",DOCSTRING,1.5,ieps
"runnerexception: typeerror: data must be str, not tuple",DOCSTRING,1.5,ieps
"runnerexception: typeerror: data must be str, not tuple",DOCSTRING,1.5,ieps
"runnerexception: typeerror: data must be str, not tuple",DOCSTRING,1.5,ieps
"runnerexception: typeerror: data must be str, not tuple",DOCSTRING,1.5,ieps
"runnerexception: typeerror: data must be str, not tuple",DOCSTRING,1.5,ieps
"runnerexception: typeerror: data must be str, not tuple",DOCSTRING,1.5,ieps
"runnerexception: typeerror: data must be str, not tuple",DOCSTRING,1.5,ieps
"runnerexception: typeerror: data must be str, not tuple",DOCSTRING,1.5,ieps
"runnerexception: typeerror: data must be str, not tuple",DOCSTRING,1.5,ieps
"runnerexception: typeerror: data must be str, not tuple",DOCSTRING,1.5,ieps
"runnerexception: typeerror: data must be str, not tuple",DOCSTRING,1.5,ieps
"runnerexception: typeerror: data must be str, not tuple",DOCSTRING,1.5,ieps
"runnerexception: typeerror: data must be str, not tuple",DOCSTRING,1.5,ieps
"runnerexception: typeerror: data must be str, not tuple",DOCSTRING,1.5,ieps
"runnerexception: typeerror: data must be str, not tuple",DOCSTRING,1.5,ieps
"runnerexception: typeerror: data must be str, not tuple",DOCSTRING,1.5,ieps
"runnerexception: typeerror: data must be str, not tuple",DOCSTRING,1.5,ieps
"runnerexception: typeerror: data must be str, not tuple",DOCSTRING,1.5,ieps
"runnerexception: typeerror: data must be str, not tuple",DOCSTRING,1.5,ieps
"runnerexception: typeerror: data must be str, not tuple",DOCSTRING,1.5,ieps
"runnerexception: typeerror: data must be str, not tuple",DOCSTRING,1.5,ieps
"runnerexception: typeerror: data must be str, not tuple",DOCSTRING,1.5,ieps
"runnerexception: typeerror: data must be str, not tuple",DOCSTRING,1.5,ieps
"runnerexception: typeerror: data must be str, not tuple",DOCSTRING,1.5,ieps
"runnerexception: typeerror: data must be str, not tuple",DOCSTRING,1.5,ieps
"runnerexception: typeerror: data must be str, not tuple",DOCSTRING,1.5,ieps
"runnerexception: typeerror: data must be str, not tuple",DOCSTRING,1.5,ieps
"runnerexception: typeerror: data must be str, not tuple",DOCSTRING,1.5,ieps
"runnerexception: typeerror: data must be str, not tuple",DOCSTRING,1.5,ieps
"runnerexception: typeerror: data must be str, not tuple",DOCSTRING,1.5,ieps
"runnerexception: typeerror: data must be str, not tuple",DOCSTRING,1.5,ieps
"runnerexception: typeerror: data must be str, not tuple",DOCSTRING,1.5,ieps
"runnerexception: typeerror: data must be str, not tuple",DOCSTRING,1.5,ieps
"runnerexception: typeerror: data must be str, not tuple",DOCSTRING,1.5,ieps
"runnerexception: typeerror: data must be str, not tuple",DOCSTRING,1.5,ieps
"runnerexception: typeerror: data must be str, not tuple",DOCSTRING,1.5,ieps
"runnerexception: typeerror: data must be str, not tuple",DOCSTRING,1.5,ieps
"runnerexception: typeerror: data must be str, not tuple",DOCSTRING,1.5,ieps
"runnerexception: typeerror: data must be str, not tuple",DOCSTRING,1.5,ieps
"runnerexception: typeerror: data must be str, not tuple",DOCSTRING,1.5,ieps
